GPU,Queue,Graph,Vertices,Edges,Threads,Block,Time_med_s,Time_iqr_s,TEPS_med_Gedges/s,TEPS_iqr_Gedges/s
MI300A,GWFQ,../gunrock/datasets/ak2010/ak2010.mtx,45292,217098,8192,256,22.6361,0.703061,0.0166263,0.000722432
MI300A,GLFQ,../gunrock/datasets/ak2010/ak2010.mtx,45292,217098,1024,256,9.97205,0.03817,0.0264408,0.000285956
MI300A,GWFQ,../gunrock/datasets/ak2010/ak2010.mtx,45292,217098,1024,256,18.9952,0.083261,0.0221789,0.000115017
MI300A,GLFQ,../gunrock/datasets/ak2010/ak2010.mtx,45292,217098,2048,256,9.16075,0.02822,0.0295086,0.000215225
MI300A,GWFQ,../gunrock/datasets/ak2010/ak2010.mtx,45292,217098,2048,256,17.9979,0.116991,0.0250878,0.00018047
MI300A,GLFQ,../gunrock/datasets/ak2010/ak2010.mtx,45292,217098,4096,256,9.77325,0.0714,0.0266386,7.12198e-05
MI300A,GWFQ,../gunrock/datasets/ak2010/ak2010.mtx,45292,217098,4096,256,18.8322,0.161981,0.0230608,0.000502995
MI300A,GLFQ,../gunrock/datasets/ak2010/ak2010.mtx,45292,217098,8192,256,15.2961,0.603564,0.015591,0.000712523
MI300A,GWFQ,../gunrock/datasets/ak2010/ak2010.mtx,45292,217098,8192,256,23.0309,0.152992,0.0161298,5.5739e-05
MI300A,GLFQ,../gunrock/datasets/ak2010/ak2010.mtx,45292,217098,16384,256,34.0655,0.195612,0.00639462,3.82599e-05
MI300A,GWFQ,../gunrock/datasets/ak2010/ak2010.mtx,45292,217098,16384,256,32.562,2.19365,0.00911257,0.000902121
MI300A,GLFQ,../gunrock/datasets/belgium_osm/belgium_osm.mtx,1441295,3099940,1024,256,114.507,0.417744,0.0333153,2.28412e-05
MI300A,GWFQ,../gunrock/datasets/belgium_osm/belgium_osm.mtx,1441295,3099940,1024,256,138.565,0.139711,0.0281654,9.53386e-05
MI300A,GLFQ,../gunrock/datasets/belgium_osm/belgium_osm.mtx,1441295,3099940,2048,256,132.031,2.77702,0.0288431,0.000296924
MI300A,GWFQ,../gunrock/datasets/belgium_osm/belgium_osm.mtx,1441295,3099940,2048,256,160.048,45.582,0.0246965,8.09564e-05
MI300A,GLFQ,../gunrock/datasets/belgium_osm/belgium_osm.mtx,1441295,3099940,4096,256,170.257,38.4402,0.0205586,0.000152348
MI300A,GWFQ,../gunrock/datasets/belgium_osm/belgium_osm.mtx,1441295,3099940,4096,256,217.934,1.74292,0.0167381,0.000117353
MI300A,GLFQ,../gunrock/datasets/belgium_osm/belgium_osm.mtx,1441295,3099940,8192,256,367.039,4.07716,0.0090338,0.000104353
MI300A,GWFQ,../gunrock/datasets/belgium_osm/belgium_osm.mtx,1441295,3099940,8192,256,215.135,22.901,0.0112449,0.00140648
MI300A,GLFQ,../gunrock/datasets/belgium_osm/belgium_osm.mtx,1441295,3099940,16384,256,950.471,26.0274,0.00334851,8.98049e-05
MI300A,GWFQ,../gunrock/datasets/belgium_osm/belgium_osm.mtx,1441295,3099940,16384,256,252.059,399.048,0.00955445,0.00612171
MI300A,GLFQ,../gunrock/datasets/europe_osm/europe_osm.mtx,50912018,108109320,1024,256,2419.08,15.5993,0.0501349,0.000531071
MI300A,GWFQ,../gunrock/datasets/europe_osm/europe_osm.mtx,50912018,108109320,1024,256,2615.02,12.3802,0.0433051,6.08448e-05
MI300A,GLFQ,../gunrock/datasets/europe_osm/europe_osm.mtx,50912018,108109320,2048,256,2333.89,33.7781,0.0515393,0.000215387
MI210,GLFQ,../gunrock/datasets/europe_osm/europe_osm.mtx,50912018,108109320,8192,256,1278.97,4.76978,0.0979032,0.00056708
MI300A,GWFQ,../gunrock/datasets/europe_osm/europe_osm.mtx,50912018,108109320,2048,256,2512.31,20.237,0.0476994,0.000382581
MI300A,GLFQ,../gunrock/datasets/europe_osm/europe_osm.mtx,50912018,108109320,4096,256,2931.2,4.6513,0.0381502,9.26928e-05
MI300A,GWFQ,../gunrock/datasets/europe_osm/europe_osm.mtx,50912018,108109320,4096,256,3248.66,2.53029,0.0346948,7.8735e-05
MI300A,GLFQ,../gunrock/datasets/europe_osm/europe_osm.mtx,50912018,108109320,8192,256,6102.24,39.7108,0.0175799,0.000147795
MI300A,GLFQ,../gunrock/datasets/europe_osm/europe_osm.mtx,50912018,108109320,16384,256,11493.2,129.254,0.0093748,0.00010507
MI210,GLFQ,../gunrock/datasets/ak2010/ak2010.mtx,45292,217098,1024,256,7.71819,0.019351,0.0326601,9.60961e-05
MI210,GWFQ,../gunrock/datasets/ak2010/ak2010.mtx,45292,217098,1024,256,13.7992,0.041911,0.0250757,0.000156863
MI210,GLFQ,../gunrock/datasets/ak2010/ak2010.mtx,45292,217098,2048,256,6.91158,0.02602,0.0374209,0.000218673
MI210,GWFQ,../gunrock/datasets/ak2010/ak2010.mtx,45292,217098,2048,256,12.6635,0.02216,0.0291293,0.000247616
MI210,GLFQ,../gunrock/datasets/ak2010/ak2010.mtx,45292,217098,4096,256,6.875,0.057741,0.0378673,0.00020166
MI210,GWFQ,../gunrock/datasets/ak2010/ak2010.mtx,45292,217098,4096,256,12.4452,0.013001,0.0298831,7.5696e-05
MI210,GLFQ,../gunrock/datasets/ak2010/ak2010.mtx,45292,217098,8192,256,7.00112,0.153423,0.0368504,0.000754451
MI210,GWFQ,../gunrock/datasets/ak2010/ak2010.mtx,45292,217098,8192,256,12.5882,0.033122,0.0292368,5.4186e-05
MI210,GLFQ,../gunrock/datasets/belgium_osm/belgium_osm.mtx,1441295,3099940,1024,256,100.388,0.253153,0.0380587,9.25549e-05
MI210,GWFQ,../gunrock/datasets/belgium_osm/belgium_osm.mtx,1441295,3099940,1024,256,123.768,0.182712,0.0307162,4.06429e-05
MI210,GLFQ,../gunrock/datasets/belgium_osm/belgium_osm.mtx,1441295,3099940,2048,256,98.2681,0.106601,0.0392269,0.00015051
MI210,GWFQ,../gunrock/datasets/belgium_osm/belgium_osm.mtx,1441295,3099940,2048,256,109.656,0.156692,0.0357103,3.25047e-05
MI210,GLFQ,../gunrock/datasets/belgium_osm/belgium_osm.mtx,1441295,3099940,4096,256,98.2889,0.056371,0.0390664,4.89987e-05
MI210,GWFQ,../gunrock/datasets/belgium_osm/belgium_osm.mtx,1441295,3099940,4096,256,105.592,0.351084,0.0374889,5.17936e-05
MI210,GLFQ,../gunrock/datasets/belgium_osm/belgium_osm.mtx,1441295,3099940,8192,256,100.222,0.548116,0.0380837,0.000292711
MI210,GWFQ,../gunrock/datasets/belgium_osm/belgium_osm.mtx,1441295,3099940,8192,256,109.949,0.223563,0.0356006,6.82058e-05
MI210,GLFQ,../gunrock/datasets/europe_osm/europe_osm.mtx,50912018,108109320,1024,256,1962.05,3.0536,0.0603297,6.78534e-05
MI210,GWFQ,../gunrock/datasets/europe_osm/europe_osm.mtx,50912018,108109320,1024,256,2442.56,11.5717,0.0471018,0.00011215
MI210,GLFQ,../gunrock/datasets/europe_osm/europe_osm.mtx,50912018,108109320,2048,256,1610.9,3.32415,0.0753043,0.000108328
MI210,GWFQ,../gunrock/datasets/europe_osm/europe_osm.mtx,50912018,108109320,2048,256,1741.98,31.5514,0.0681599,0.000298641
MI210,GLFQ,../gunrock/datasets/europe_osm/europe_osm.mtx,50912018,108109320,4096,256,1333.5,6.56234,0.0910318,0.000538566
MI210,GWFQ,../gunrock/datasets/europe_osm/europe_osm.mtx,50912018,108109320,4096,256,1446.84,15.0429,0.0835922,0.000327019
MI210,GLFQ,../gunrock/datasets/europe_osm/europe_osm.mtx,50912018,108109320,8192,256,1279.74,6.60396,0.0978994,0.000366187
MI210,GWFQ,../gunrock/datasets/europe_osm/europe_osm.mtx,50912018,108109320,8192,256,967.537,101.316,0.098439,0.0123584
MI210,GLFQ,../gunrock/datasets/hollywood-2009/hollywood-2009.mtx,1139905,112751422,1024,256,38.9912,0.367325,0.41275,0.00336621
MI210,GWFQ,../gunrock/datasets/hollywood-2009/hollywood-2009.mtx,1139905,112751422,1024,256,48.8224,1.55812,0.360744,0.0131055
MI210,GLFQ,../gunrock/datasets/hollywood-2009/hollywood-2009.mtx,1139905,112751422,2048,256,24.3079,0.498986,0.682968,0.00659544
MI210,GWFQ,../gunrock/datasets/hollywood-2009/hollywood-2009.mtx,1139905,112751422,2048,256,31.5747,0.587308,0.606821,0.0233142
MI210,GLFQ,../gunrock/datasets/hollywood-2009/hollywood-2009.mtx,1139905,112751422,4096,256,16.3941,0.119421,1.03897,0.0264001
MI210,GWFQ,../gunrock/datasets/hollywood-2009/hollywood-2009.mtx,1139905,112751422,4096,256,23.7042,0.757329,0.861195,0.0409857
MI210,GLFQ,../gunrock/datasets/hollywood-2009/hollywood-2009.mtx,1139905,112751422,8192,256,12.8783,0.166642,1.30389,0.0102839
MI210,GWFQ,../gunrock/datasets/hollywood-2009/hollywood-2009.mtx,1139905,112751422,8192,256,19.017,0.734199,1.11312,0.0523066
MI210,GLFQ,../gunrock/datasets/kron_g500-logn21/kron_g500-logn21.mtx,2097152,182081864,1024,256,60.1618,1.6565,0.717383,0.0204435
MI210,GWFQ,../gunrock/datasets/kron_g500-logn21/kron_g500-logn21.mtx,2097152,182081864,1024,256,65.7101,0.823571,0.698311,0.00649491
MI210,GLFQ,../gunrock/datasets/kron_g500-logn21/kron_g500-logn21.mtx,2097152,182081864,2048,256,31.0311,0.789811,1.40684,0.0374193
MI210,GWFQ,../gunrock/datasets/kron_g500-logn21/kron_g500-logn21.mtx,2097152,182081864,2048,256,37.2965,0.206954,1.32452,0.00303968
MI210,GLFQ,../gunrock/datasets/kron_g500-logn21/kron_g500-logn21.mtx,2097152,182081864,4096,256,18.5084,0.649251,2.44796,0.0985585
MI210,GWFQ,../gunrock/datasets/kron_g500-logn21/kron_g500-logn21.mtx,2097152,182081864,4096,256,23.5732,0.387746,2.30414,0.0463353
MI210,GLFQ,../gunrock/datasets/kron_g500-logn21/kron_g500-logn21.mtx,2097152,182081864,8192,256,11.8647,0.59327,3.90848,0.220725
MI210,GWFQ,../gunrock/datasets/kron_g500-logn21/kron_g500-logn21.mtx,2097152,182081864,8192,256,17.5157,0.084981,3.47119,0.017301
MI210,GLFQ,../gunrock/datasets/delaunay_n24/delaunay_n24.mtx,16777216,100663202,1024,256,819.235,16.5035,0.122078,0.000628201
MI210,GWFQ,../gunrock/datasets/delaunay_n24/delaunay_n24.mtx,16777216,100663202,1024,256,1105.75,16.1421,0.0907788,0.000492824
MI210,GLFQ,../gunrock/datasets/delaunay_n24/delaunay_n24.mtx,16777216,100663202,2048,256,542.98,5.89468,0.179176,0.00201918
MI210,GWFQ,../gunrock/datasets/delaunay_n24/delaunay_n24.mtx,16777216,100663202,2048,256,615.802,9.55273,0.156201,0.00162441
MI210,GLFQ,../gunrock/datasets/delaunay_n24/delaunay_n24.mtx,16777216,100663202,4096,256,342.105,2.75112,0.270974,0.00303803
MI210,GWFQ,../gunrock/datasets/delaunay_n24/delaunay_n24.mtx,16777216,100663202,4096,256,376.011,0.942883,0.249307,0.000242789
MI210,GLFQ,../gunrock/datasets/delaunay_n24/delaunay_n24.mtx,16777216,100663202,8192,256,237.302,3.59623,0.401564,0.00500112
MI210,GWFQ,../gunrock/datasets/delaunay_n24/delaunay_n24.mtx,16777216,100663202,8192,256,275.322,2.7603,0.345709,0.0020087
MI210,GLFQ,../gunrock/datasets/delaunay_n21/delaunay_n21.mtx,2097152,12582816,1024,256,109.425,0.04333,0.122929,5.73375e-05
MI210,GWFQ,../gunrock/datasets/delaunay_n21/delaunay_n21.mtx,2097152,12582816,1024,256,149.828,0.275903,0.0898219,0.00019393
MI210,GLFQ,../gunrock/datasets/delaunay_n21/delaunay_n21.mtx,2097152,12582816,2048,256,77.8936,0.079532,0.175791,0.000216498
MI210,GWFQ,../gunrock/datasets/delaunay_n21/delaunay_n21.mtx,2097152,12582816,2048,256,99.0894,0.04683,0.141777,8.24825e-05
MI210,GLFQ,../gunrock/datasets/delaunay_n21/delaunay_n21.mtx,2097152,12582816,4096,256,62.6747,0.151193,0.224283,0.000227853
MI210,GWFQ,../gunrock/datasets/delaunay_n21/delaunay_n21.mtx,2097152,12582816,4096,256,73.9501,0.082222,0.199356,0.000373546
MI210,GLFQ,../gunrock/datasets/delaunay_n21/delaunay_n21.mtx,2097152,12582816,8192,256,54.0388,0.231985,0.266929,0.00112997
MI210,GWFQ,../gunrock/datasets/delaunay_n21/delaunay_n21.mtx,2097152,12582816,8192,256,64.3162,0.130761,0.235794,0.000418752
MI210,GLFQ,../gunrock/datasets/road_usa/road_usa.mtx,23947347,57708624,1024,256,845.195,0.593138,0.0752928,2.3998e-05
MI210,GWFQ,../gunrock/datasets/road_usa/road_usa.mtx,23947347,57708624,1024,256,1105.74,0.815641,0.0563821,8.42017e-06
MI210,GLFQ,../gunrock/datasets/road_usa/road_usa.mtx,23947347,57708624,2048,256,652.303,0.627194,0.101113,8.39454e-05
MI210,GWFQ,../gunrock/datasets/road_usa/road_usa.mtx,23947347,57708624,2048,256,757.206,0.412373,0.0855145,6.42177e-06
MI210,GLFQ,../gunrock/datasets/road_usa/road_usa.mtx,23947347,57708624,4096,256,531.993,1.02063,0.127277,0.000234683
MI210,GWFQ,../gunrock/datasets/road_usa/road_usa.mtx,23947347,57708624,4096,256,592.674,0.394609,0.113375,0.000124127
MI210,GLFQ,../gunrock/datasets/road_usa/road_usa.mtx,23947347,57708624,8192,256,461.758,0.264496,0.151486,0.000173103
MI210,GWFQ,../gunrock/datasets/road_usa/road_usa.mtx,23947347,57708624,8192,256,538.122,2.40887,0.127195,0.00067102
MI210,GLFQ,../gunrock/datasets/roadNet-CA/roadNet-CA.mtx,1971281,5533214,1024,256,69.3474,0.108702,0.0893786,8.93312e-05
MI210,GWFQ,../gunrock/datasets/roadNet-CA/roadNet-CA.mtx,1971281,5533214,1024,256,93.9494,0.09557,0.0670879,0.00010935
MI210,GLFQ,../gunrock/datasets/roadNet-CA/roadNet-CA.mtx,1971281,5533214,2048,256,55.154,0.588358,0.116176,0.00127324
MI210,GWFQ,../gunrock/datasets/roadNet-CA/roadNet-CA.mtx,1971281,5533214,2048,256,66.8295,0.040281,0.100017,7.03907e-05
MI210,GLFQ,../gunrock/datasets/roadNet-CA/roadNet-CA.mtx,1971281,5533214,4096,256,47.7357,0.126002,0.137292,0.000501527
MI210,GWFQ,../gunrock/datasets/roadNet-CA/roadNet-CA.mtx,1971281,5533214,4096,256,55.754,0.255575,0.125335,0.000571985
MI210,GLFQ,../gunrock/datasets/roadNet-CA/roadNet-CA.mtx,1971281,5533214,8192,256,42.5743,0.182813,0.157901,0.000396178
MI210,GWFQ,../gunrock/datasets/roadNet-CA/roadNet-CA.mtx,1971281,5533214,8192,256,50.7601,0.07754,0.141703,0.000107584
MI300A,GLFQ,../gunrock/datasets/hollywood-2009/hollywood-2009.mtx,1139905,112751422,1024,256,44.1733,0.329802,0.368515,0.00507328
MI300A,GWFQ,../gunrock/datasets/hollywood-2009/hollywood-2009.mtx,1139905,112751422,1024,256,53.9382,0.930617,0.34525,0.000273465
MI300A,GLFQ,../gunrock/datasets/hollywood-2009/hollywood-2009.mtx,1139905,112751422,2048,256,31.1704,0.159341,0.531012,0.0019358
MI300A,GWFQ,../gunrock/datasets/hollywood-2009/hollywood-2009.mtx,1139905,112751422,2048,256,39.8984,1.45758,0.516419,0.0193601
MI300A,GLFQ,../gunrock/datasets/hollywood-2009/hollywood-2009.mtx,1139905,112751422,4096,256,26.0086,0.193981,0.619462,0.0185259
MI300A,GWFQ,../gunrock/datasets/hollywood-2009/hollywood-2009.mtx,1139905,112751422,4096,256,32.7141,0.636806,0.674125,0.0231191
MI300A,GLFQ,../gunrock/datasets/hollywood-2009/hollywood-2009.mtx,1139905,112751422,8192,256,30.8767,0.02969,0.504956,0.0162464
MI300A,GWFQ,../gunrock/datasets/hollywood-2009/hollywood-2009.mtx,1139905,112751422,8192,256,32.8281,0.746766,0.653032,0.0164459
MI300A,GLFQ,../gunrock/datasets/kron_g500-logn21/kron_g500-logn21.mtx,2097152,182081864,1024,256,49.7128,0.832047,0.876089,0.0145572
MI300A,GWFQ,../gunrock/datasets/kron_g500-logn21/kron_g500-logn21.mtx,2097152,182081864,1024,256,61.7462,1.80001,0.805048,0.0217886
MI300A,GLFQ,../gunrock/datasets/kron_g500-logn21/kron_g500-logn21.mtx,2097152,182081864,2048,256,28.9113,0.104331,1.54547,0.0100281
MI300A,GWFQ,../gunrock/datasets/kron_g500-logn21/kron_g500-logn21.mtx,2097152,182081864,2048,256,38.5304,0.291582,1.4471,0.0247707
MI300A,GLFQ,../gunrock/datasets/kron_g500-logn21/kron_g500-logn21.mtx,2097152,182081864,4096,256,19.4509,0.371632,2.37402,0.0428455
MI300A,GWFQ,../gunrock/datasets/kron_g500-logn21/kron_g500-logn21.mtx,2097152,182081864,4096,256,28.8912,0.484343,2.18914,0.0558857
MI300A,GLFQ,../gunrock/datasets/kron_g500-logn21/kron_g500-logn21.mtx,2097152,182081864,8192,256,14.7192,0.291551,3.20658,0.0623578
MI300A,GWFQ,../gunrock/datasets/kron_g500-logn21/kron_g500-logn21.mtx,2097152,182081864,8192,256,23.4264,0.395943,3.1113,0.0943611
MI300A,GLFQ,../gunrock/datasets/delaunay_n24/delaunay_n24.mtx,16777216,100663202,1024,256,977.448,9.4816,0.103422,0.00149169
MI300A,GWFQ,../gunrock/datasets/delaunay_n24/delaunay_n24.mtx,16777216,100663202,1024,256,1203.34,28.6556,0.0839184,0.0014889
MI300A,GLFQ,../gunrock/datasets/delaunay_n24/delaunay_n24.mtx,16777216,100663202,2048,256,686.698,5.92498,0.139859,0.00213764
MI300A,GWFQ,../gunrock/datasets/delaunay_n24/delaunay_n24.mtx,16777216,100663202,2048,256,756.629,10.0363,0.130388,0.00343458
MI300A,GLFQ,../gunrock/datasets/delaunay_n24/delaunay_n24.mtx,16777216,100663202,4096,256,826.276,14.4142,0.10763,0.00082351
MI300A,GWFQ,../gunrock/datasets/delaunay_n24/delaunay_n24.mtx,16777216,100663202,4096,256,723.779,10.6291,0.126796,0.00210115
MI300A,GLFQ,../gunrock/datasets/delaunay_n24/delaunay_n24.mtx,16777216,100663202,8192,256,1315.38,7.3184,0.0655037,0.000757116
MI300A,GWFQ,../gunrock/datasets/delaunay_n24/delaunay_n24.mtx,16777216,100663202,8192,256,1007.88,6.32579,0.0866467,0.000700413
MI300A,GLFQ,../gunrock/datasets/delaunay_n21/delaunay_n21.mtx,2097152,12582816,1024,256,132.753,0.679647,0.101393,0.000548257
MI300A,GWFQ,../gunrock/datasets/delaunay_n21/delaunay_n21.mtx,2097152,12582816,1024,256,162.127,0.340482,0.0845349,7.26737e-05
MI300A,GLFQ,../gunrock/datasets/delaunay_n21/delaunay_n21.mtx,2097152,12582816,2048,256,107.971,0.460404,0.126193,0.000603628
MI300A,GWFQ,../gunrock/datasets/delaunay_n21/delaunay_n21.mtx,2097152,12582816,2048,256,124.907,0.401374,0.115435,0.000274396
MI300A,GLFQ,../gunrock/datasets/delaunay_n21/delaunay_n21.mtx,2097152,12582816,4096,256,125.692,0.414484,0.107148,0.000599544
MI300A,GWFQ,../gunrock/datasets/delaunay_n21/delaunay_n21.mtx,2097152,12582816,4096,256,133.53,1.28343,0.106932,0.00134065
MI300A,GLFQ,../gunrock/datasets/delaunay_n21/delaunay_n21.mtx,2097152,12582816,8192,256,202.977,3.07178,0.0635826,0.000998192
MI300A,GWFQ,../gunrock/datasets/delaunay_n21/delaunay_n21.mtx,2097152,12582816,8192,256,205.343,11.9216,0.0662193,0.00222428
MI300A,GLFQ,../gunrock/datasets/road_usa/road_usa.mtx,23947347,57708624,1024,256,1014.93,0.451414,0.0625148,9.38457e-06
MI300A,GWFQ,../gunrock/datasets/road_usa/road_usa.mtx,23947347,57708624,1024,256,1466.73,345.798,0.0427783,0.000150124
MI300A,GLFQ,../gunrock/datasets/road_usa/road_usa.mtx,23947347,57708624,2048,256,849.436,3.52893,0.0747825,0.00025317
MI300A,GWFQ,../gunrock/datasets/road_usa/road_usa.mtx,23947347,57708624,2048,256,961.828,2.56642,0.0646899,9.89737e-05
MI300A,GLFQ,../gunrock/datasets/road_usa/road_usa.mtx,23947347,57708624,4096,256,1197.57,206.629,0.0531846,0.00013296
MI300A,GWFQ,../gunrock/datasets/road_usa/road_usa.mtx,23947347,57708624,4096,256,1368.22,223.418,0.0460702,0.000583641
MI300A,GLFQ,../gunrock/datasets/road_usa/road_usa.mtx,23947347,57708624,8192,256,2271.62,214.479,0.0286768,0.000236738
MI300A,GLFQ,../gunrock/datasets/roadNet-CA/roadNet-CA.mtx,1971281,5533214,1024,256,86.546,0.167662,0.0728516,0.000140624
MI300A,GWFQ,../gunrock/datasets/roadNet-CA/roadNet-CA.mtx,1971281,5533214,1024,256,107.086,0.229712,0.061444,0.000303302
MI300A,GLFQ,../gunrock/datasets/roadNet-CA/roadNet-CA.mtx,1971281,5533214,2048,256,80.6794,0.675655,0.0792548,0.000605339
MI300A,GWFQ,../gunrock/datasets/roadNet-CA/roadNet-CA.mtx,1971281,5533214,2048,256,89.805,0.255682,0.0730528,0.000228053
MI300A,GLFQ,../gunrock/datasets/roadNet-CA/roadNet-CA.mtx,1971281,5533214,4096,256,104.439,1.05006,0.0563823,0.000358296
MI300A,GWFQ,../gunrock/datasets/roadNet-CA/roadNet-CA.mtx,1971281,5533214,4096,256,113.809,1.02163,0.0565114,0.000451243
MI300A,GLFQ,../gunrock/datasets/roadNet-CA/roadNet-CA.mtx,1971281,5533214,8192,256,191.123,4.02772,0.0305959,0.000778924
MI300A,GWFQ,../gunrock/datasets/roadNet-CA/roadNet-CA.mtx,1971281,5533214,8192,256,188.064,1.85071,0.0323416,0.000471224
MI300A,GWFQ,../gunrock/datasets/road_usa/road_usa.mtx,23947347,57708624,8192,256,451.906,458.595,0.0156173,0.00705058
MI210,GLFQ,../gunrock/datasets/hollywood-2009/hollywood-2009.mtx,1139905,112751422,1024,256,40.2795,0.433912,0.399967,0.00422321
MI300A,WFQ,ak2010.mtx,45292,217098,512,256,10.5454,0.03614,0.0217224,0.000200913
MI300A,WFQ,ak2010.mtx,45292,217098,1024,256,14.0604,0.318272,0.0156665,0.000382486
MI300A,WFQ,ak2010.mtx,45292,217098,2048,256,15.965,1.06587,0.013491,0.00101002
MI300A,WFQ,ak2010.mtx,45292,217098,4096,256,23.2233,0.315713,0.00537749,7.60439e-05
MI300A,WFQ,ak2010.mtx,45292,217098,8192,256,38.5477,1.34747,0.000489276,1.79436e-05
MI300A,WFQ,belgium_osm.mtx,1441295,3099940,512,256,236.417,5.6692,0.0146908,5.59142e-05
MI300A,WFQ,belgium_osm.mtx,1441295,3099940,1024,256,272.785,3.36196,0.0124939,0.000112892
MI300A,WFQ,belgium_osm.mtx,1441295,3099940,2048,256,144.483,10.1112,0.0237311,0.000379348
MI300A,WFQ,belgium_osm.mtx,1441295,3099940,4096,256,167.151,59.4978,0.0133674,0.000321208
MI300A,WFQ,belgium_osm.mtx,1441295,3099940,8192,256,297.693,27.9809,0.00311807,0.000233563
MI300A,WFQ,delaunay_n24.mtx,16777216,100663202,512,256,1794.12,20.8754,0.0575277,0.000117303
MI300A,WFQ,delaunay_n24.mtx,16777216,100663202,1024,256,980.073,145.852,0.106891,0.000319959
MI300A,WFQ,delaunay_n24.mtx,16777216,100663202,2048,256,616.039,4.32271,0.16954,0.000799717
MI300A,WFQ,delaunay_n24.mtx,16777216,100663202,4096,256,505.382,70.7221,0.231412,0.0042459
MI300A,WFQ,delaunay_n24.mtx,16777216,100663202,8192,256,495.16,5.12145,0.217331,0.00104299
MI300A,WFQ,roadNet-CA.mtx,1971281,5533214,512,256,130.438,0.410563,0.0447517,0.000120559
MI300A,WFQ,roadNet-CA.mtx,1971281,5533214,1024,256,84.4238,0.956547,0.0715515,0.000853297
MI300A,WFQ,roadNet-CA.mtx,1971281,5533214,2048,256,77.5292,1.64035,0.0793032,0.00167626
MI300A,WFQ,roadNet-CA.mtx,1971281,5533214,4096,256,93.6842,27.1294,0.0655553,0.00024793
MI300A,WFQ,roadNet-CA.mtx,1971281,5533214,8192,256,89.2655,1.3526,0.0540652,0.000783554
MI300A,WFQ,road_usa.mtx,23947347,57708624,512,256,1746.96,20.5588,0.0348625,0.000196201
MI300A,WFQ,road_usa.mtx,23947347,57708624,1024,256,1080.44,3.12263,0.0582904,0.00013201
MI300A,WFQ,road_usa.mtx,23947347,57708624,2048,256,823.892,6.14071,0.0782059,0.000439506
MI300A,WFQ,road_usa.mtx,23947347,57708624,4096,256,820.761,16.2054,0.0793278,0.000142817
MI300A,WFQ,road_usa.mtx,23947347,57708624,8192,256,699.241,9.75226,0.0814378,0.000501069
MI300A,WFQ,hollywood-2009.mtx,1139905,112751422,512,256,357.634,8.16974,0.31542,0.00707399
MI300A,WFQ,hollywood-2009.mtx,1139905,112751422,1024,256,190.975,1.30153,0.591393,0.00398746
MI300A,WFQ,hollywood-2009.mtx,1139905,112751422,2048,256,107.564,1.95037,1.05287,0.0196686
MI300A,WFQ,hollywood-2009.mtx,1139905,112751422,4096,256,71.4388,1.11637,1.58877,0.0264798
MI300A,WFQ,hollywood-2009.mtx,1139905,112751422,8192,256,69.2143,1.82496,1.64067,0.0438009
MI300A,WFQ,kron_g500-logn21.mtx,2097152,182081864,512,256,847.176,0.844466,0.215082,0.000213124
MI300A,WFQ,kron_g500-logn21.mtx,2097152,182081864,1024,256,409.627,0.835986,0.445168,0.000884412
MI300A,WFQ,kron_g500-logn21.mtx,2097152,182081864,2048,256,230.717,3.06128,0.791554,0.0106565
MI300A,WFQ,kron_g500-logn21.mtx,2097152,182081864,4096,256,128.36,0.784606,1.42573,0.00867104
MI300A,WFQ,kron_g500-logn21.mtx,2097152,182081864,8192,256,120.908,29.5727,1.51476,0.491072
MI300A,WFQ,europe_osm.mtx,50912018,108109320,512,256,6585.21,135.777,0.017042,4.9745e-05
MI300A,WFQ,europe_osm.mtx,50912018,108109320,1024,256,5966.17,170.299,0.0194408,0.00044542
MI300A,WFQ,europe_osm.mtx,50912018,108109320,2048,256,7947.96,48.0324,0.0151646,5.0188e-05
MI300A,WFQ,europe_osm.mtx,50912018,108109320,4096,256,13949.4,598.243,0.00837457,6.56805e-05
MI300A,WFQ,europe_osm.mtx,50912018,108109320,8192,256,1639.41,201.81,0.0696184,0.000774986
MI210,WFQ,ak2010.mtx,45292,217098,512,256,15.1517,0.162012,0.0143805,0.000189954
MI210,WFQ,ak2010.mtx,45292,217098,1024,256,16.8937,0.231674,0.0128865,0.000189297
MI210,WFQ,ak2010.mtx,45292,217098,2048,256,22.2506,0.07567,0.00964391,7.62115e-06
MI210,WFQ,ak2010.mtx,45292,217098,4096,256,27.2481,0.194813,0.00459174,3.80501e-05
MI210,WFQ,ak2010.mtx,45292,217098,8192,256,44.8374,0.146262,0.000421194,1.35595e-06
MI210,WFQ,belgium_osm.mtx,1441295,3099940,512,256,279.969,0.347616,0.0119878,1.21166e-05
MI210,WFQ,belgium_osm.mtx,1441295,3099940,1024,256,345.083,1.29512,0.00961502,3.07781e-05
MI210,WFQ,belgium_osm.mtx,1441295,3099940,2048,256,198.339,0.904082,0.0166073,2.79823e-05
MI210,WFQ,belgium_osm.mtx,1441295,3099940,4096,256,231.653,0.284674,0.00947939,1.40398e-05
MI210,WFQ,belgium_osm.mtx,1441295,3099940,8192,256,363.972,3.16957,0.0023569,2.13322e-05
MI210,WFQ,delaunay_n24.mtx,16777216,100663202,512,256,1912.8,0.29566,0.0540908,1.03369e-05
MI210,WFQ,delaunay_n24.mtx,16777216,100663202,1024,256,1126.76,0.449553,0.0937926,4.21385e-05
MI210,WFQ,delaunay_n24.mtx,16777216,100663202,2048,256,758.602,0.942572,0.143371,5.55222e-05
MI210,WFQ,delaunay_n24.mtx,16777216,100663202,4096,256,633.736,0.540708,0.176254,0.000142701
MI210,WFQ,delaunay_n24.mtx,16777216,100663202,8192,256,712.089,0.475477,0.157955,0.000134796
MI210,WFQ,roadNet-CA.mtx,1971281,5533214,512,256,172.032,0.435766,0.0342285,9.43995e-05
MI210,WFQ,roadNet-CA.mtx,1971281,5533214,1024,256,129.061,0.295283,0.0469078,9.66855e-05
MI210,WFQ,roadNet-CA.mtx,1971281,5533214,2048,256,121.197,0.262924,0.0507934,7.88715e-05
MI210,WFQ,roadNet-CA.mtx,1971281,5533214,4096,256,150.61,0.470628,0.0406879,0.000192696
MI210,WFQ,roadNet-CA.mtx,1971281,5533214,8192,256,155.912,0.548007,0.0316486,9.308e-05
MI210,WFQ,road_usa.mtx,23947347,57708624,512,256,2032.7,0.703,0.0302294,1.90337e-05
MI210,WFQ,road_usa.mtx,23947347,57708624,1024,256,1427.14,0.643473,0.0444543,2.33167e-05
MI210,WFQ,road_usa.mtx,23947347,57708624,2048,256,1229.05,0.652319,0.053028,3.15088e-05
MI210,WFQ,road_usa.mtx,23947347,57708624,4096,256,1351.27,1.37351,0.0486107,2.79333e-05
MI210,WFQ,road_usa.mtx,23947347,57708624,8192,256,1297.46,1.9885,0.0439867,4.94291e-05
MI210,WFQ,hollywood-2009.mtx,1139905,112751422,512,256,351.428,2.58328,0.322596,0.00240428
MI210,WFQ,hollywood-2009.mtx,1139905,112751422,1024,256,186.247,1.2221,0.61232,0.00404313
MI210,WFQ,hollywood-2009.mtx,1139905,112751422,2048,256,109.942,0.280893,1.04628,0.00281217
MI210,WFQ,hollywood-2009.mtx,1139905,112751422,4096,256,80.7075,0.630979,1.43698,0.0117664
MI210,WFQ,hollywood-2009.mtx,1139905,112751422,8192,256,87.1094,0.75745,1.33004,0.0122681
MI210,WFQ,kron_g500-logn21.mtx,2097152,182081864,512,256,763.633,3.9467,0.239415,0.0012767
MI210,WFQ,kron_g500-logn21.mtx,2097152,182081864,1024,256,382.948,2.72522,0.479304,0.003447
MI210,WFQ,kron_g500-logn21.mtx,2097152,182081864,2048,256,197.642,1.17368,0.936027,0.00586596
MI210,WFQ,kron_g500-logn21.mtx,2097152,182081864,4096,256,108.522,0.825461,1.7273,0.0141404
MI210,WFQ,kron_g500-logn21.mtx,2097152,182081864,8192,256,68.6646,0.380665,2.78099,0.0146216
MI210,WFQ,europe_osm.mtx,50912018,108109320,512,256,6160.49,7.20972,0.0184884,1.75312e-05
MI210,WFQ,europe_osm.mtx,50912018,108109320,1024,256,6385.02,1.86767,0.0178553,5.27915e-06
MI210,WFQ,europe_osm.mtx,50912018,108109320,2048,256,8995.43,5.50156,0.0125245,1.54403e-05
MI210,WFQ,europe_osm.mtx,50912018,108109320,4096,256,15340.9,21.1165,0.00724907,1.09176e-05
MI210,WFQ,europe_osm.mtx,50912018,108109320,8192,256,2733.57,3.73387,0.0402373,6.36689e-05
MI300A,SFQ,ak2010.mtx,45292,217098,1024,256,109.855,1.52342,0.00187035,2.57201e-05
MI300A,SFQ,ak2010.mtx,45292,217098,1024,256,116.861,4.61036,0.00175955,7.18981e-05
MI300A,SFQ,roadNet-CA.mtx,1971281,5533214,1024,256,4023.18,24.8951,0.0013768,7.61904e-06
MI300A,SFQ,ak2010.mtx,45292,217098,512,256,83.2222,1.71619,0.00248596,5.30691e-05
MI300A,SFQ,ak2010.mtx,45292,217098,1024,256,101.13,2.35188,0.00203868,4.75775e-05
MI300A,SFQ,ak2010.mtx,45292,217098,2048,256,143.103,1.49407,0.00143509,1.30305e-05
MI300A,SFQ,ak2010.mtx,45292,217098,4096,256,243.859,143.672,0.000841115,0.000311699
MI300A,SFQ,ak2010.mtx,45292,217098,8192,256,508.101,2.69041,0.000402771,2.13867e-06
MI300A,SFQ,belgium_osm.mtx,1441295,3099940,512,256,2737.42,21.4418,0.00114288,9.50312e-06
MI300A,SFQ,belgium_osm.mtx,1441295,3099940,1024,256,3537.49,60.1886,0.000882513,1.52829e-05
MI300A,SFQ,belgium_osm.mtx,1441295,3099940,2048,256,4796.31,111.209,0.000649363,5.97037e-06
MI300A,SFQ,belgium_osm.mtx,1441295,3099940,4096,256,9005.13,184.004,0.000345169,7.21477e-06
MI300A,SFQ,belgium_osm.mtx,1441295,3099940,8192,256,17214.1,228.299,0.000180325,2.43681e-06
MI300A,SFQ,delaunay_n24.mtx,16777216,100663202,512,256,26581.2,90.8475,0.00379082,1.34331e-05
MI300A,SFQ,delaunay_n24.mtx,16777216,100663202,1024,256,30823.1,377.104,0.00326841,3.9819e-05
MI300A,SFQ,delaunay_n24.mtx,16777216,100663202,2048,256,45179,2465.31,0.00222928,0.000126594
MI300A,SFQ,delaunay_n24.mtx,16777216,100663202,4096,256,75940.8,128.272,0.00132619,2.04438e-06
MI300A,SFQ,ak2010.mtx,45292,217098,512,256,85.6676,1.01989,0.00242931,2.98282e-05
MI300A,SFQ,ak2010.mtx,45292,217098,1024,256,103.724,2.4488,0.00198839,4.95697e-05
MI300A,SFQ,ak2010.mtx,45292,217098,2048,256,142.412,0.707126,0.00145316,7.54627e-06
MI300A,SFQ,ak2010.mtx,45292,217098,4096,256,254.608,32.5482,0.00080814,2.2661e-06
MI300A,SFQ,ak2010.mtx,45292,217098,8192,256,532.377,125.212,0.000385792,7.87737e-05
MI300A,SFQ,belgium_osm.mtx,1441295,3099940,512,256,2476.47,50.7494,0.0012705,8.10671e-06
MI300A,SFQ,belgium_osm.mtx,1441295,3099940,1024,256,3170.09,17.3478,0.000988588,4.44459e-06
MI300A,SFQ,belgium_osm.mtx,1441295,3099940,2048,256,4567.63,2.23158,0.00068344,1.129e-06
MI300A,SFQ,belgium_osm.mtx,1441295,3099940,4096,256,8941.58,25.8362,0.000347631,1.18134e-06
MI300A,SFQ,belgium_osm.mtx,1441295,3099940,8192,256,17407,159.297,0.000178362,1.39994e-06
MI300A,SFQ,delaunay_n24.mtx,16777216,100663202,512,256,26765.1,30.2121,0.00376524,4.916e-06
MI300A,SFQ,delaunay_n24.mtx,16777216,100663202,1024,256,31686.3,294.464,0.00317955,2.9425e-05
MI300A,SFQ,delaunay_n24.mtx,16777216,100663202,2048,256,43858,405.81,0.00229677,2.14766e-05
MI300A,SFQ,delaunay_n24.mtx,16777216,100663202,4096,256,75689.1,189.476,0.00133052,3.39955e-06
MI300A,SFQ,delaunay_n24.mtx,16777216,100663202,8192,256,165476,49.5347,0.000608455,2.02689e-07
MI300A,SFQ,roadNet-CA.mtx,1971281,5533214,512,256,3390.39,56.2343,0.00163255,2.7334e-05
MI300A,SFQ,roadNet-CA.mtx,1971281,5533214,1024,256,3723.01,5.43664,0.00148644,2.35273e-06
MI300A,SFQ,roadNet-CA.mtx,1971281,5533214,2048,256,5407.97,21.9927,0.00102261,4.05572e-06
MI300A,SFQ,roadNet-CA.mtx,1971281,5533214,4096,256,10087,41.9356,0.000547961,2.28675e-06
MI300A,SFQ,roadNet-CA.mtx,1971281,5533214,8192,256,19668.8,120.125,0.000280851,1.70117e-06
MI300A,SFQ,road_usa.mtx,23947347,57708624,512,256,39431.1,10.0205,0.00146697,1.00136e-06
MI300A,SFQ,hollywood-2009.mtx,1139905,112751422,512,256,1719.22,29.0418,0.0655188,0.00110485
MI300A,SFQ,hollywood-2009.mtx,1139905,112751422,1024,256,1831.21,6.17158,0.0615062,0.000207618
MI300A,SFQ,hollywood-2009.mtx,1139905,112751422,2048,256,2569.71,75.9468,0.0438306,0.00126667
MI300A,SFQ,kron_g500-logn21.mtx,2097152,182081864,512,256,2691.55,6.15926,0.0676614,0.000153738
MI300A,SFQ,kron_g500-logn21.mtx,2097152,182081864,1024,256,2759.04,2.99401,0.0660036,7.02852e-05
MI210,SFQ,ak2010.mtx,45292,217098,512,256,35.3341,0.179742,0.00593863,2.51041e-05
MI210,SFQ,ak2010.mtx,45292,217098,1024,256,28.5107,0.08602,0.00736697,1.84706e-05
MI210,SFQ,ak2010.mtx,45292,217098,2048,256,25.5044,0.020141,0.0082713,1.44844e-05
MI210,SFQ,ak2010.mtx,45292,217098,4096,256,25.2871,0.049681,0.00832776,1.36247e-05
MI210,SFQ,ak2010.mtx,45292,217098,8192,256,29.6691,0.101251,0.00706093,1.6035e-05
MI210,SFQ,belgium_osm.mtx,1441295,3099940,512,256,1119.35,0.482451,0.00281265,1.68799e-06
MI210,SFQ,belgium_osm.mtx,1441295,3099940,1024,256,898.939,0.298562,0.0035187,4.28339e-07
MI210,SFQ,belgium_osm.mtx,1441295,3099940,2048,256,784.638,0.248465,0.00404384,7.6739e-07
MI210,SFQ,belgium_osm.mtx,1441295,3099940,4096,256,781.243,0.356445,0.00406297,9.64233e-07
MI210,SFQ,belgium_osm.mtx,1441295,3099940,8192,256,936.903,0.628568,0.0033749,3.21201e-06
MI210,SFQ,delaunay_n24.mtx,16777216,100663202,512,256,12689.5,4.48876,0.00795007,2.59382e-06
MI210,SFQ,delaunay_n24.mtx,16777216,100663202,1024,256,9905.21,0.628132,0.010188,5.32738e-07
MI210,SFQ,delaunay_n24.mtx,16777216,100663202,2048,256,8273.92,0.610866,0.0121983,5.34504e-07
MI210,SFQ,delaunay_n24.mtx,16777216,100663202,4096,256,7992.14,1.5859,0.0126292,2.08293e-06
MI210,SFQ,delaunay_n24.mtx,16777216,100663202,8192,256,9145.76,11.6264,0.0110316,1.54036e-05
MI210,SFQ,roadNet-CA.mtx,1971281,5533214,512,256,1456.35,0.261343,0.00381025,1.36604e-06
MI210,SFQ,roadNet-CA.mtx,1971281,5533214,1024,256,1141.77,0.320955,0.00486605,9.58903e-07
MI210,SFQ,roadNet-CA.mtx,1971281,5533214,2048,256,1004.3,0.203854,0.00554116,1.03759e-06
MI210,SFQ,roadNet-CA.mtx,1971281,5533214,4096,256,975.75,0.151492,0.00569905,3.75602e-07
MI210,SFQ,roadNet-CA.mtx,1971281,5533214,8192,256,1143.9,3.26538,0.0048563,1.28188e-05
MI210,SFQ,road_usa.mtx,23947347,57708624,512,256,17684.8,3.47337,0.00327814,6.12244e-07
MI210,SFQ,road_usa.mtx,23947347,57708624,1024,256,14145.6,3.00025,0.00410199,1.28755e-07
MI210,SFQ,road_usa.mtx,23947347,57708624,2048,256,12160.8,0.515819,0.00477541,1.97541e-07
MI210,SFQ,road_usa.mtx,23947347,57708624,4096,256,11827.6,1.50241,0.00491083,3.09668e-07
MI210,SFQ,road_usa.mtx,23947347,57708624,8192,256,13917.5,32.3172,0.00416908,8.94967e-06
MI210,SFQ,hollywood-2009.mtx,1139905,112751422,512,256,935.987,27.1456,0.120371,0.00338503
MI210,SFQ,hollywood-2009.mtx,1139905,112751422,1024,256,692.534,9.88012,0.162711,0.00231998
MI210,SFQ,hollywood-2009.mtx,1139905,112751422,2048,256,554.373,3.79641,0.203264,0.00137598
MI300A,SFQ,road_usa.mtx,23947347,57708624,512,256,39031.4,1546.6,0.00148211,5.431e-05
MI300A,SFQ,road_usa.mtx,23947347,57708624,1024,256,48760.5,61.7017,0.00118551,1.57855e-06
MI300A,SFQ,road_usa.mtx,23947347,57708624,2048,256,65262,7.78507,0.000885663,5.18302e-08
MI300A,SFQ,road_usa.mtx,23947347,57708624,4096,256,122602,933.984,0.000471184,3.56894e-06
MI300A,SFQ,road_usa.mtx,23947347,57708624,8192,256,265477,16623.6,0.000217499,1.39726e-05
MI300A,SFQ,bips98_606.mtx,7135,30380,512,256,17.0588,0.182312,0.00181141,1.99975e-05
MI300A,SFQ,bips98_606.mtx,7135,30380,1024,256,21.711,1.01904,0.00142666,6.76174e-05
MI300A,SFQ,bips98_606.mtx,7135,30380,2048,256,24.6059,0.481364,0.00124775,2.48535e-05
MI300A,SFQ,bips98_606.mtx,7135,30380,4096,256,43.2627,0.04722,0.00070776,4.53921e-07
MI300A,SFQ,bips98_606.mtx,7135,30380,8192,256,82.2631,0.260443,0.000370515,1.48484e-06
MI300A,SFQ,webbase-1M.mtx,1000005,4009930,512,256,0.097071,0.001961,0,0
MI300A,SFQ,webbase-1M.mtx,1000005,4009930,512,256,0.097141,0.00433,0,0
MI300A,SFQ,webbase-1M.mtx,1000005,4009930,1024,256,0.097701,0.00087,0,0
MI300A,SFQ,webbase-1M.mtx,1000005,4009930,2048,256,0.102821,0.000419,0,0
MI300A,SFQ,webbase-1M.mtx,1000005,4009930,4096,256,0.119401,0.00274,0,0
MI300A,SFQ,delaunay_n21.mtx,2097152,12582816,1024,256,4331.16,79.3246,0.00291163,5.19438e-05
MI300A,SFQ,delaunay_n21.mtx,2097152,12582816,2048,256,5871.55,43.177,0.00214624,1.55831e-05
MI300A,SFQ,delaunay_n21.mtx,2097152,12582816,4096,256,10479.2,38.3372,0.00120177,4.4128e-06
MI300A,SFQ,delaunay_n21.mtx,2097152,12582816,8192,256,20470.4,185.957,0.000615073,5.45051e-06
MI300A,SFQ,coAuthorsDBLP.mtx,299067,1955352,1024,256,526.063,1.51091,0.00371977,9.97047e-06
MI300A,SFQ,coAuthorsDBLP.mtx,299067,1955352,2048,256,746.568,20.0855,0.0026208,6.88611e-05
MI300A,SFQ,coAuthorsDBLP.mtx,299067,1955352,4096,256,1348.72,4.12916,0.00145043,4.42422e-06
MI300A,SFQ,coAuthorsDBLP.mtx,299067,1955352,8192,256,2637.27,57.9648,0.000741739,1.6112e-05
MI210,SFQ,ak2010.mtx,45292,217098,512,256,35.3341,0.179742,0.00593863,2.51041e-05
MI210,SFQ,ak2010.mtx,45292,217098,1024,256,28.5107,0.08602,0.00736697,1.84706e-05
MI210,SFQ,ak2010.mtx,45292,217098,2048,256,25.5044,0.020141,0.0082713,1.44844e-05
MI210,SFQ,ak2010.mtx,45292,217098,4096,256,25.2871,0.049681,0.00832776,1.36247e-05
MI210,SFQ,ak2010.mtx,45292,217098,8192,256,29.6691,0.101251,0.00706093,1.6035e-05
MI210,SFQ,belgium_osm.mtx,1441295,3099940,512,256,1119.35,0.482451,0.00281265,1.68799e-06
MI210,SFQ,belgium_osm.mtx,1441295,3099940,1024,256,898.939,0.298562,0.0035187,4.28339e-07
MI210,SFQ,belgium_osm.mtx,1441295,3099940,2048,256,784.638,0.248465,0.00404384,7.6739e-07
MI210,SFQ,belgium_osm.mtx,1441295,3099940,4096,256,781.243,0.356445,0.00406297,9.64233e-07
MI210,SFQ,belgium_osm.mtx,1441295,3099940,8192,256,936.903,0.628568,0.0033749,3.21201e-06
MI210,SFQ,delaunay_n24.mtx,16777216,100663202,512,256,12689.5,4.48876,0.00795007,2.59382e-06
MI210,SFQ,delaunay_n24.mtx,16777216,100663202,1024,256,9905.21,0.628132,0.010188,5.32738e-07
MI210,SFQ,delaunay_n24.mtx,16777216,100663202,2048,256,8273.92,0.610866,0.0121983,5.34504e-07
MI210,SFQ,delaunay_n24.mtx,16777216,100663202,4096,256,7992.14,1.5859,0.0126292,2.08293e-06
MI210,SFQ,delaunay_n24.mtx,16777216,100663202,8192,256,9145.76,11.6264,0.0110316,1.54036e-05
MI210,SFQ,roadNet-CA.mtx,1971281,5533214,512,256,1456.35,0.261343,0.00381025,1.36604e-06
MI210,SFQ,roadNet-CA.mtx,1971281,5533214,1024,256,1141.77,0.320955,0.00486605,9.58903e-07
MI210,SFQ,roadNet-CA.mtx,1971281,5533214,2048,256,1004.3,0.203854,0.00554116,1.03759e-06
MI210,SFQ,roadNet-CA.mtx,1971281,5533214,4096,256,975.75,0.151492,0.00569905,3.75602e-07
MI210,SFQ,roadNet-CA.mtx,1971281,5533214,8192,256,1143.9,3.26538,0.0048563,1.28188e-05
MI210,SFQ,road_usa.mtx,23947347,57708624,512,256,17684.8,3.47337,0.00327814,6.12244e-07
MI210,SFQ,road_usa.mtx,23947347,57708624,1024,256,14145.6,3.00025,0.00410199,1.28755e-07
MI210,SFQ,road_usa.mtx,23947347,57708624,2048,256,12160.8,0.515819,0.00477541,1.97541e-07
MI210,SFQ,road_usa.mtx,23947347,57708624,4096,256,11827.6,1.50241,0.00491083,3.09668e-07
MI210,SFQ,road_usa.mtx,23947347,57708624,8192,256,13917.5,32.3172,0.00416908,8.94967e-06
MI210,SFQ,hollywood-2009.mtx,1139905,112751422,512,256,935.987,27.1456,0.120371,0.00338503
MI210,SFQ,hollywood-2009.mtx,1139905,112751422,1024,256,692.534,9.88012,0.162711,0.00231998
MI210,SFQ,hollywood-2009.mtx,1139905,112751422,2048,256,554.373,3.79641,0.203264,0.00137598
MI210,SFQ,kron_g500-logn21.mtx,2097152,182081864,512,256,1604.89,14.5105,0.113483,0.00103533
MI210,SFQ,kron_g500-logn21.mtx,2097152,182081864,1024,256,1126.73,18.1274,0.161668,0.00262783
MI210,SFQ,road_usa.mtx,23947347,57708624,512,256,18033.7,0.48698,0.0032151,1.33993e-07
MI210,SFQ,road_usa.mtx,23947347,57708624,1024,256,14158.9,2.20688,0.00410061,6.58035e-07
MI210,SFQ,road_usa.mtx,23947347,57708624,2048,256,12270.8,0.817312,0.0047363,1.31237e-07
MI210,SFQ,road_usa.mtx,23947347,57708624,4096,256,11953.2,1.26989,0.00486179,3.36708e-07
MI210,SFQ,road_usa.mtx,23947347,57708624,8192,256,13994.7,22.3892,0.0041493,6.66767e-06
MI210,SFQ,bips98_606.mtx,7135,30380,512,256,6.19543,0.049671,0.00533713,6.89626e-05
MI210,SFQ,bips98_606.mtx,7135,30380,1024,256,5.10816,0.02607,0.00649097,3.58912e-05
MI210,SFQ,bips98_606.mtx,7135,30380,2048,256,4.63155,0.053891,0.00723468,4.75603e-05
MI210,SFQ,bips98_606.mtx,7135,30380,4096,256,4.67759,0.017591,0.00713143,2.06064e-05
MI210,SFQ,bips98_606.mtx,7135,30380,8192,256,5.40612,0.018421,0.00609138,1.64184e-05
MI210,SFQ,webbase-1M.mtx,1000005,4009930,512,256,0.208803,0.00225,0,0
MI210,SFQ,webbase-1M.mtx,1000005,4009930,1024,256,0.179703,0.003081,0,0
MI210,SFQ,webbase-1M.mtx,1000005,4009930,2048,256,0.169443,0.001431,0,0
MI210,SFQ,webbase-1M.mtx,1000005,4009930,4096,256,0.166383,0.00342,0,0
MI210,SFQ,webbase-1M.mtx,1000005,4009930,8192,256,0.165743,0.005509,0,0
MI210,SFQ,delaunay_n21.mtx,2097152,12582816,512,256,1588.37,0.298292,0.00796253,2.1179e-06
MI210,SFQ,delaunay_n21.mtx,2097152,12582816,1024,256,1251.79,0.425463,0.0101209,2.66979e-06
MI210,SFQ,delaunay_n21.mtx,2097152,12582816,2048,256,1086.43,0.237151,0.0116691,2.39797e-06
MI210,SFQ,delaunay_n21.mtx,2097152,12582816,4096,256,1041.46,0.357854,0.0121747,2.63914e-06
MI210,SFQ,delaunay_n21.mtx,2097152,12582816,8192,256,1219.7,1.77009,0.0103845,1.47293e-05
MI210,SFQ,coAuthorsDBLP.mtx,299067,1955352,512,256,223.88,1.82731,0.0087508,7.11307e-05
MI210,SFQ,coAuthorsDBLP.mtx,299067,1955352,1024,256,174.309,2.32274,0.0112438,0.000148133
MI210,SFQ,coAuthorsDBLP.mtx,299067,1955352,2048,256,148.289,0.575239,0.0132192,4.42108e-05
MI210,SFQ,coAuthorsDBLP.mtx,299067,1955352,4096,256,143.134,0.367486,0.0136976,2.80536e-05
MI210,SFQ,coAuthorsDBLP.mtx,299067,1955352,8192,256,160.057,0.556158,0.0122451,4.28449e-05
MI210,SFQ,europe_osm.mtx,50912018,108109320,1024,256,29819.1,3.07342,0.00365495,2.81182e-07
MI210,SFQ,europe_osm.mtx,50912018,108109320,2048,256,26013.4,10.4288,0.0041946,2.93068e-07
MI210,SFQ,europe_osm.mtx,50912018,108109320,4096,256,25578.3,3.49903,0.00426677,5.35747e-07
MI210,SFQ,europe_osm.mtx,50912018,108109320,8192,256,29836.3,50.9135,0.00365283,6.28069e-06
MI210,WFQ,delaunay_n21.mtx,2097152,12582816,1024,256,165.26,0.251663,0.0812227,4.39426e-05
MI210,WFQ,delaunay_n21.mtx,2097152,12582816,2048,256,135.667,0.329546,0.100977,0.000139767
MI210,WFQ,delaunay_n21.mtx,2097152,12582816,4096,256,146.59,0.447477,0.0936102,0.000120268
MI210,WFQ,delaunay_n21.mtx,2097152,12582816,8192,256,155.737,0.431517,0.0711127,5.90554e-05
MI300A,SFQ,europe_osm.mtx,50912018,108109320,1024,256,98199.9,130.475,0.00110377,1.19919e-06
MI300A,SFQ,delaunay_n21.mtx,2097152,12582816,1024,256,4226.94,12.4314,0.00298908,9.19219e-06
MI300A,SFQ,delaunay_n21.mtx,2097152,12582816,2048,256,5741.09,13.8522,0.00219551,5.17581e-06
MI300A,SFQ,delaunay_n21.mtx,2097152,12582816,4096,256,10079,94.8297,0.00125005,1.20506e-05
MI300A,SFQ,delaunay_n21.mtx,2097152,12582816,8192,256,20974.1,114.185,0.000600332,3.22859e-06
MI300A,SFQ,europe_osm.mtx,50912018,108109320,2048,256,145352,198.351,0.000745009,1.07226e-06
MI300A,SFQ,europe_osm.mtx,50912018,108109320,4096,256,270919,1210.73,0.000399376,1.6226e-06
MI300A,SFQ,europe_osm.mtx,50912018,108109320,8192,256,542408,9941.72,0.000199426,3.60583e-06
MI300A,SFQ,delaunay_n21.mtx,2097152,12582816,1024,256,3978.65,2.66999,0.00316968,2.38834e-06
MI300A,SFQ,delaunay_n21.mtx,2097152,12582816,2048,256,5838.41,4.27885,0.00215787,1.57019e-06
MI300A,SFQ,delaunay_n21.mtx,2097152,12582816,4096,256,10649,15.3773,0.00118266,1.66814e-06
MI300A,SFQ,delaunay_n21.mtx,2097152,12582816,8192,256,21815.9,53.3569,0.000577014,1.42022e-06
MI300A,WFQ,delaunay_n21.mtx,2097152,12582816,1024,256,106.21,0.204631,0.127488,0.000231288
MI300A,WFQ,delaunay_n21.mtx,2097152,12582816,2048,256,94.0003,0.829266,0.149748,0.00154337
MI300A,WFQ,delaunay_n21.mtx,2097152,12582816,4096,256,105.428,0.149671,0.133169,0.000162437
MI300A,WFQ,delaunay_n21.mtx,2097152,12582816,8192,256,109.818,0.485604,0.100219,0.000500977